Peak Num,N,H,Ca (i),Cb (i),Ca (i-1),Cb (i-1),Uncertain?,hint Ca,hint Cb,hint seq position
1,120.3,6.13,57.86,40.69,46.01,,0,,,
2,132.9,8.915,52.54,16.65,56.7,43.74,0,,,
3,9.508,127.8,60.17,40.98,62.47,69.76,0,,,
4,9.409,127.6,53.83,44.33,62.57,70.15,0,,,
5,9.194,127.2,60.6,34.83,53.79,44.33,0,,,
6,8.868,127.8,54.7,,60.55,34.4,0,,,
7,9.301,121.3,60.46,34.31,55.18,41.26,0,,,
8,9.301,113.6,58.08,26.08,57.89,32.65,0,,,
9,9.233,118.9,55.68,31.55,53.81,44.45,0,,,
10,9.113,121.5,57.53,41.89,60.46,70.39,0,,,
11,9.052,122.3,58.92,41.26,53.04,45.8,0,,,
12,8.942,123.1,,30.68,54.94,33.08,0,,,
13,8.924,117.6,58.51,36.44,55.01,29.72,0,,,
14,8.833,125.4,58.9,43.69,58.99,41.14,0,,,
15,8.823,124.5,53.04,45.85,55.2,31.88,0,,,
16,8.717,125.2,52.75,47,62.06,69.64,0,,,
17,8.54,125.7,54.24,41.48,55.87,29.24,0,,,
18,8.315,125.4,57.12,38.7,55.59,29.68,1,,,
19,8.805,108.9,59.76,72.23,54.29,32.7,0,,,
20,8.518,110.5,45.22,,56.16,30.92,0,,,
21,8.499,109,46.09,44.69,55.3,33.27,0,,,
22,8.345,108.8,47.23,43.52,45.22,,1,,,
23,8.715,114.3,55.44,,58.18,33.75,0,,,
24,8.733,115.6,60.53,70.51,54.58,34.52,0,,,
25,8.739,117.5,62.4,70.22,60.69,65.04,0,,,
26,8.529,113.7,55.82,39.94,66.19,32.89,0,,,
27,8.47,113.6,61.15,62.64,58.66,40.23,0,,,
28,8.593,118.5,55.15,,59.71,42.15,0,,,
29,8.64,119.3,52.8,36.49,58.46,36.44,0,,,
30,8.543,119,59.28,33.8,67.68,30.83,0,,,
31,8.743,121.9,62.01,69.64,60.05,40.86,0,,,
32,8.634,122.9,,29.15,54.53,34.43,0,,,
33,8.623,123.9,55.49,31.36,54.19,42.97,0,,,
34,8.541,123.7,55.15,,56.69,31.69,1,,,
35,8.508,123.1,55.15,,56.69,31.69,1,,,
36,8.397,123.3,55.92,31.93,54.24,41.35,1,,,
37,8.368,124.5,47.67,42.53,55.39,31.31,0,,,
38,8.303,124.3,53.86,44.31,55.59,31.55,1,,,
39,8.449,122.1,47.81,30.97,55.01,42.34,1,,,
40,8.526,121.4,62.3,34.57,59.66,71.18,0,,,
41,8.27,121.4,66.14,36.87,59.81,33.42,0,,,
42,8.14,123.3,54.05,42.77,60.67,34.86,0,,,
43,7.928,124.6,57.41,40.52,61.05,62.54,0,,,
44,8.041,123.9,55.82,41,57.46,63.6,0,,,
45,7.985,123.6,55.44,17.82,59.23,33.66,0,,,
46,8.121,122.5,54.82,29.82,52.75,46.95,1,,,
47,8.092,122.2,67.68,30.83,56.02,38.55,0,,,
48,8.156,120.4,,40.86,56.11,31.88,0,,,
49,7.976,122,54.67,34.47,45.41,,0,,,
50,7.918,121.4,55.97,38.46,60.77,28.67,0,,,
51,8.016,119.8,57.41,41.05,60.05,27.71,0,,,
52,7.851,120.3,59.86,33.37,55.39,17.73,0,,,
53,8.132,118.1,,40.38,59.38,72.33,0,,,
54,8.49,120.6,53.62,32.51,53.62,31.5,0,,,
55,8.648,120.7,62.4,69.69,56.3,33.37,0,,,
56,8.803,120.7,,,55.63,29.44,1,,,
57,8.727,120.5,,,55.68,29.48,1,,,
58,8.549,120.4,55.54,29.39,58.22,63.84,1,,,
59,8.559,120,,63.79,55.49,29.29,1,,,
60,8.287,115.4,58.27,63.79,45.37,30.78,1,,,
61,8.142,116.1,54.15,37.5,58.22,39.99,0,,,
62,7.815,117,,30.3,55.73,39.8,0,,,
63,7.657,115,61.01,64.99,58.51,26.17,0,,,
64,7.452,119.4,54.39,32.84,45.13,,0,,,
65,7.478,118.1,,,56.26,30.68,1,,,
66,7.415,115.6,,34.14,58.03,41.05,0,,,
67,7.242,115.8,,,57.5,40.28,0,,,
68,7.239,119,62.45,42.44,54.24,37.26,1,,,
69,7.262,122,56.35,33.47,45.46,,0,,,
70,7.621,125,53.67,31.79,62.39,36.68,0,,,
71,7.635,106,61.34,69.12,57.46,42.01,0,,,
72,7.022,103.5,57.36,63.41,65.28,31.98,0,,,
73,6.503,104.4,,,,,0,,,
74,8.149,102.6,45.37,,52.66,16.58,0,,,
75,7.875,109.1,59.66,71.18,55.92,40.86,0,,,
76,7.807,109.3,45.37,,61.49,69.16,0,,,